slug,title
3upmikami-10000542,30円 キッコー カメレオンキャンデー [1箱 30個入] 【駄菓子 お菓子 あめ アメ 飴 キャンディ カメレオン まとめ買い 箱買い ポイント消化 景品向け ノベルティ向け アミューズ つかみどり】
akibaoo-r-10548880,【ニチドウ】ニチドウ マルチ湿 温度計
auc-a-avenue-10009957,ビバリア ウォールナッツサンド 5kg
auc-a-avenue-10011187,【全国送料無料】 キョーリン　レオパゲル 60g 昆虫はもういらない！　昆虫食爬虫類の栄養食　賞味期限：2027年2月以降
auc-a-avenue-10011405,GEX　レオパブレンドフード　60g　昆虫の栄養そのまま!
auc-a-avenue-10011406,GEX　レオパブレンドフード　120g　昆虫の栄養そのまま!
auc-a-avenue-10011522,キョーリン　フトアゴドライ　200g　全長20cm以上の昆虫・野菜食トカゲ用栄養食
auc-a-avenue-10011524,キョーリン　フトアゴドライ　500g 全長20cm以上の昆虫・野菜食トカゲ用栄養食
auc-a-avenue-10012842,【メール便専用】キョーリン　レオパゲル 150g お徳用　賞味期限：2025年9月以降
auc-auto-phoenix-10010938,水温計 デジタル 水槽 水温 管理 アクアリウム テラリウム 温度計 センサーコード 吸盤 金魚 爬虫類 熱帯魚 摂氏 華氏 2カラー
auc-funksstore-10011490,【一年保証】【公式】カメテラス クリップ式 紫外線 亀 ライト 紫外線ライト uvaライト uvbライト 爬虫類用 アナログ太陽 クリップスタンド 爬虫類 25w 50w カメ 爬虫類ライト 両生類用ライト クリップ ソケット UVA+UVB ペット用 調光 亀用 カエル カナヘビ ヘビ 蛇
auc-funksstore-10011564,【公式】紫外線 紫外線ライト 交換用 e26 25W 爬虫類 亀 亀ライト カメテラス カメテラス用 日光浴ライト ランプ ライト E26口金対応 両生類用 uvbライト uvaライト アナログ太陽 カメ 亀用 爬虫類ライト 両生類ライト ペット用 UVA+UVB カエル かめ ヘビ 蛇 保温ライト
auc-funksstore-10011565,【公式】紫外線 紫外線ライト 交換用 e26 50W 爬虫類 亀 亀ライト カメテラス カメテラス用 日光浴ライト ランプ ライト E26口金対応 両生類用 uvbライト uvaライト アナログ太陽 カメ 亀用 爬虫類ライト 両生類ライト ペット用 UVA+UVB カエル かめ ヘビ 蛇 保温ライト
auc-mushiyahonpo-10000593,『エントリーでポイント5倍』むしや本舗 ヤシの木 マット ハスクチップ カブトムシ クワガタ 成虫飼育 床材 成虫 成虫用 国産 外国産 大型 小型 飼育 昆虫 爬虫類 ヤシの実 通気性 消臭効果 保湿効果 子供 大人 親子 初心者 夏休み 自由研究 ギフト プレゼントに
auc-tropicalworld-10004824,GEX　エキゾテラ　テラリウム用アナログ温度計　【爬虫類・両生類/照明・温度管理グッズ】
auc-tropicalworld-10004852,ビバリア　テラリウム用温度計　【爬虫類・両生類/照明・温度管理グッズ】
auc-tropicalworld-10006562,ビバリア　バブルディッシュ　L　爬虫類・両生類用ディッシュ(水入れ、エサ入れ)
auc-tropicalworld-10006566,ビバリア　バブルディッシュ　S　爬虫類・両生類用ディッシュ(水入れ、エサ入れ)
auc-ulmax-10168048,スドー レプティボウル2 MF 爬虫類 全成長期 SUDO ハープクラフト ペットグッズ 餌入れ エサ入れ エサ 両生類 ヘビ ペット 水入れ カエル エサ皿 レオパ カメ 食器 安心素材 価格は1個のお値段です
auc-ulmax-11394953,スドー レプティボウル2 MD 爬虫類 全成長期 SUDO ハープクラフト ペットグッズ 餌入れ エサ入れ 両生類 ヘビ ペット 水入れ カエル エサ皿 レオパ 食器 安心素材 価格は1個のお値段です
baibaiyishop-10000517,カメ 亀用 ボウル 食べ物ボウル フードボウル フィーダ 給食器 給水 爬虫類用 ボウル ペットグッズ 摂食皿 食糧ディスペンサー 給餌用具 ステンレス製 円型 餌入れ/水入れ 陸亀/ウォータータートル【L】
beach8002-10008273,【RE:】 カメレオンマグネット 全9色 7ml ボトルタイプ ジェル ネイル Re:gel (リジェル)
beamsmile-10001069,アイロンワッペン( カメレオン グリーンMIX )(Mサイズ)
beautymate-10139123,【メール便可能（3点まで）】ニチドウ　マルチ湿・温度計　【爬虫類用　両生類用　テラリウム用の湿温度計　ペット用品　ペットグッズ】
bettyroad-10040042,ベティーロード BETTYROAD カメレオン用替えベルト(ネイビー) 0 新品 その他
bettyroad-10065534,ベティーロード BETTYROAD カメレオン用替えベルト(ベビーピンク) 0 新品 その他
bettyroad-10073359,ベティーロード BETTYROAD カメレオン用替えベルト(モカ型押しクロコ) 0 新品 その他
bisutoku-1-10000652,【お買い物マラソンクーポン配布中】メディシュティーク フェイスコルセット カメレオン 10包 国内正規品 送料無料
bleeek-10010959,パスケース 定期入れ リール ストラップ リール付きストラップ レディース カメレオン 爬虫類 カラフル ポップ カードケース ICカード かわいい 可愛い メンズ ハンドストラップ
book-15953516,フトアゴヒゲトカゲと暮らす本 （アクアライフの本） [ 愛のフトアゴ暮らし推進委員会 ]
book-17677406,ヒョウモン＆フトアゴの飼い方・育て方 初めてでも大丈夫！ [ 白輪剛史 ]
book-19035662,REPFAN（vol．5） エキゾチックアニマルと仲よく暮らすための本 フトアゴヒゲトカゲが大好き！／キングスネークの魅力 （SAKURA　MOOK）
book-20589618,カメレオン (初回限定盤 CD＋Blu-ray) [ King Gnu ]
book-20992215,ゲッターズ飯田の五星三心占い金のカメレオン座2024 [ ゲッターズ飯田 ]
book-21576561,【先着特典】Chameleon (通常盤)(特典D) [ Aぇ! group ]
chanet3980-10022757,アウトレット品　日本動物薬品　ニチドウ　爬虫類・テラリウム用　マルチ湿・温度計　訳あり　関東当日便
chanet3980-10043545,ビバリア　サーモチェッカー　NEO　爬虫類　赤外線放射温度計　関東当日便
chanet3980-10052837,GEX　エキゾテラ　アナログ温度計　爬虫類　関東当日便
chanet-10020288,交換球　ポゴナクラブ　ビバリウムグロー　パワーUVB　20W（60cm水槽用）　爬虫類　ライト　紫外線灯　UV灯　関東当日便
chanet-10025306,ビバリア　レップカル　成体フトアゴヒゲトカゲフード　113g　体長25cm以上の雑食性トカゲの毎日の食事に！　関東当日便
chanet-10025307,ビバリア　レップカル　幼体フトアゴヒゲトカゲフード　340g　体長25cm以下の雑食性トカゲの毎日の食事に！　関東当日便
chanet-10025308,ビバリア　レップカル　幼体フトアゴヒゲトカゲフード　170g　体長25cm以下の雑食性トカゲの毎日の食事に！　関東当日便
chanet-10027053,レップジャパン　暖突　だんとつ　Mサイズ　爬虫類　両生類　上部ヒーター　保温　関東当日便
chanet-10027066,みどり商会　NEWクリップスタンド　ひまわり　爬虫類　ライト　照明　保温球　UV球　保温球スタンド　関東当日便
chanet-10027794,マルカン　バスキングライト　30W　BL−30　爬虫類　保温球　関東当日便
chanet-10027807,マルカン　ワンタッチスタンド　OS−210　爬虫類　ライト　照明　保温球　UV球　クリップスタンド　関東当日便
chanet-10090647,カミハタ　クリップスタンド　テラ　（口金E26）　爬虫類　ライト　照明　保温球　UV球　クリップライト　関東当日便
chanet-10091841,ZOOMED　レプティランプボウル　XL　爬虫類　餌　エサ入れ　水入れ　色おまかせ　関東当日便
chanet-10103900,爬虫類ケージ　GEX　エキゾテラ　グラステラリウム　3030　爬虫類　ケージ　飼育　ガラスケージ　お一人様2点限り　関東当日便
chanet-10103901,爬虫類ケージ　GEX　エキゾテラ　グラステラリウム　3045　爬虫類　ケージ　飼育　ガラスケージ　ジェックス　お一人様2点限り　関東当日便
chanet-10104323,GEX　エキゾテラ　コンパクトトップ45　2灯式　爬虫類　ライト　紫外線灯　UV灯　本体　ジェックス　関東当日便
chanet-10104473,GEX　エキゾテラ　ウォーターディッシュ　XL　爬虫類　水入れ　ジェックス　関東当日便
chanet-10104474,GEX　エキゾテラ　ウォーターディッシュ　S　爬虫類　水入れ　ジェックス　関東当日便
chanet-10104475,GEX　エキゾテラ　ウォーターディッシュ　M　爬虫類　水入れ　ジェックス　関東当日便
chanet-10104476,GEX　エキゾテラ　ウォーターディッシュ　L　爬虫類　水入れ　ジェックス　関東当日便
chanet-10104548,レップジャパン　ピタリ適温プラス　1号　爬虫類　両生類　パネルヒーター　保温　関東当日便
chanet-10104986,爬虫類ケージ　GEX　エキゾテラ　グラステラリウム　4545　爬虫類　飼育　ケージ　ガラスケージ　お一人様1点限り　関東当日便
chanet-10105590,爬虫類ケージ　GEX　エキゾテラ　グラステラリウム　6045　爬虫類　フトアゴ　ケージ　ガラスケージ　ジェックス　お一人様1点限り　180サイズ　関東当日便
chanet-10117663,エンザイム・レプタイル　爬虫類消臭スプレー（無香性）300mL　爬虫類　消臭剤　関東当日便
chanet-10121845,GEX　エキゾテラ　昼用集光型　サングロー　タイトビームバスキング　スポットランプ　75W　（橙）　爬虫類　ライト　ジェックス　関東当日便
chanet-10121847,GEX　エキゾテラ　昼用集光型　サングロー　バスキング　スポットランプ　50W　（緑）　爬虫類　ライト　ジェックス　関東当日便
chanet-10122954,GEX　エキゾテラ　昼用集光型　サングロー　タイトビームバスキング　スポットランプ　50W　（橙）　爬虫類　ライト　ジェックス　関東当日便
chanet-10131821,カミハタ　デザートブレンド　クラシック　4．4kg　爬虫類　底床　マット　敷砂（陸棲用）　お一人様5点限り　関東当日便
chanet-10133020,（熱帯魚）カメレオン・シクリッド（4匹）　北海道・九州航空便要保温
chanet-10134529,GEX　エキゾテラ　散光型　ナイトグロー　ムーンライトランプ　50W　（青）　爬虫類　保温球　ジェックス　関東当日便
chanet-10138722,GEX　エキゾテラ　ジャングルヴァイン　Sサイズ　爬虫類　足場　レイアウト用品　ジェックス　カメレオン　関東当日便
chanet-10138723,GEX　エキゾテラ　ジャングルヴァイン　Lサイズ　爬虫類　レイアウト用品　ジェックス　足場　カメレオン　関東当日便
chanet-10170170,ZOOMED　REPTI　ROCK　REPTIL　WATER　DISH　ウォーターディッシュ　Lサイズ　爬虫類　餌　エサ入れ　水入れ　関東当日便
chanet-10170172,ZOOMED　REPTI　ROCK　CORNER　BOWL　コーナーボール　Sサイズ　爬虫類　餌　エサ入れ　水入れ　関東当日便
chanet-10170573,アウトレット品　日本動物薬品　ニチドウ　爬虫類・テラリウム用　マルチ湿・温度計　訳あり　関東当日便
chanet-10173684,爬虫類ケージ　GEX　エキゾテラ　グラステラリウム　ナノ（W21．5×D21．5×H33．0cm）　爬虫類　ケージ　カエル　ヤモリ　お一人様5点限り　関東当日便
chanet-10216548,GEX　エキゾテラ　クリップスタンド　グロースタンド（口金E26）　爬虫類　ライト　照明　保温球　UV球　ジェックス　関東当日便
chanet-10226272,爬虫類ケージ　GEX　エキゾテラ　グラステラリウム　ナノキューブ（W21．5×D21．5×H22．7cm）　爬虫類　ケージ　カエル　お一人様5点限り　関東当日便
chanet-10259383,GEX　エキゾテラ　ナチュラルライト　26W　爬虫類　ライト　交換球　ジェックス　関東当日便
chanet-10259384,交換球　GEX　エキゾテラ　レプタイルUVB　100　13W　爬虫類　ライト　紫外線灯　UV灯　関東当日便
chanet-10259385,交換球　GEX　エキゾテラ　レプタイルUVB　100　26W　爬虫類　ライト　紫外線灯　UV灯　関東当日便
chanet-10259386,交換球　GEX　エキゾテラ　レプタイルUVB　150　13W　爬虫類　ライト　紫外線灯　UV灯　関東当日便
chanet-10259387,交換球　GEX　エキゾテラ　レプタイルUVB　150　26W　爬虫類　ライト　紫外線灯　UV灯　関東当日便
chanet-10261151,爬虫類ケージ　三晃商会　パンテオン　ホワイト　WH4535（45．5×30．5×35cm）　お一人様1点限り　関東当日便
chanet-10261152,爬虫類ケージ　三晃商会　パンテオン　ホワイト　WH6035（60．5×30．5×35cm）　爬虫類　ケージ　お一人様1点限り　関東当日便
chanet-10261153,爬虫類ケージ　三晃商会　パンテオン　ホワイト　WH6045（60．5×45．5×45cm）　お一人様1点限り　関東当日便
chanet-10265567,ビバリア　太陽NEO　RP−126V　爬虫類　ライト　照明　保温球　UV球　クリップスタンド　関東当日便
chanet-10266509,爬虫類ケージ　GEX　エキゾテラ　グラステラリウム　4530　爬虫類　トカゲ　リクガメ　ケージ　お一人様1点限り　関東当日便
chanet-10266626,爬虫類ケージ　三晃商会　パンテオン　ブラック　BK4535（45．5×30．5×35cm）お一人様1点限り　関東当日便
chanet-10266627,爬虫類ケージ　三晃商会　パンテオン　ブラック　BK6035（60．5×30．5×35cm）　爬虫類　ケージ　お一人様1点限り　関東当日便
chanet-10266895,GEX　エキゾテラ　アナログ温度計　爬虫類　関東当日便
chanet-10267267,GEX　エキゾテラ　ウォーターディッシュ　XS　爬虫類　水入れ　関東当日便
chanet-10274293,ビバリア　ツインメーターNEO　RP−141　爬虫類　両生類　温度計　湿度計　関東当日便
chanet-10291672,爬虫類ケージ　三晃商会　パンテオン　ホワイト　WH4045（40．5×35．5×45cm）　お一人様2点限り　関東当日便
chanet-10303260,GEX　エキゾテラ　ライトドーム　14cm　照明　爬虫類　両生類　関東当日便
chanet-10303261,GEX　エキゾテラ　ライトドーム　18cm　照明　爬虫類　両生類　関東当日便
chanet-10303510,GEX　エキゾテラ　タイマーサーモ　RTT−1　爬虫類　サーモスタット　関東当日便
chanet-10315968,爬虫類ケージ　三晃商会　レプタイルボックス　爬虫類　ケージ　飼育ケース　ヒョウモントカゲモドキ　コーンスネーク　関東当日便
chanet-10347153,爬虫類ケージ　コトブキ工芸　ヒュドラケース　3133（310×304×330mm）　爬虫類　飼育　寿工芸　ガラスケージ　お一人様2点限り　関東当日便
chanet-10347154,爬虫類ケージ　コトブキ工芸　ヒュドラケース　3120（310×304×200mm）　ガラスケージ　お一人様2点限り　関東当日便
chanet-10359689,ビバリア　レップカル　成体フトアゴヒゲトカゲフード　900g　体長25cm以上の雑食性トカゲの毎日の食事に！　関東当日便
chanet-10394264,ビバリア　温度計SV　関東当日便
chanet-10396382,レパシー　スーパーフード　ベジバーガー　6oz　170g　フトアゴ　アオジタ　フード　関東当日便
chanet-10435835,マルカン　クリップソケット　関東当日便
chanet-10465692,爬虫類ケージ　三晃商会　パンテオン　ブラック　BK9045　爬虫類　ケージ　お一人様1点限り　関東当日便
chanet-10468386,ウォーターシェルター　Lサイズ　爬虫類　ヘビ　蛇　水入れ　シェルター　お一人様8点限り　関東当日便
chanet-10475891,キョーリン　レオパゲル　60g　爬虫類　フード　ヒョウモントカゲモドキ　お一人様25点限り　関東当日便
chanet-10515046,爬虫類ケージ　コトブキ工芸　ヒュドラケース　3133S　お一人様1点限り　関東当日便
chanet-10551995,キョーリン　レオパゲル　60g×3袋　お一人様8点限り　関東当日便
chanet-10571756,ポゴナ・クラブ　レオパビタミンウォーター　100ml　関東当日便
chanet-10572932,GEX　エキゾテラ　デザートソイル　4kg　関東当日便
chanet-10583775,GEX　エキゾテラ　レオパブレンドフード　60g　爬虫類　フード　ヒョウモントカゲモドキ　関東当日便
chanet-10584388,GEX　エキゾテラ　ライトスタンド　関東当日便
chanet-10587480,キョーリン　フトアゴドライ　200g　フード　エサ　爬虫類　トカゲ　お一人様30点限り　関東当日便
chanet-10587481,キョーリン　フトアゴドライ　500g　餌　エサ　フード　トカゲ　お一人様12点限り　関東当日便
chanet-10587482,キョーリン　フトアゴゲル　60g　フトアゴヒゲトカゲ　フトアゴ　フード　お一人様25点限り　関東当日便
chanet-10590595,キョーリン　フトアゴゲル　60g×3袋　お一人様8点限り　関東当日便
chanet-10590596,キョーリン　フトアゴゲル　60g×5袋　お一人様5点限り　関東当日便
chanet-10604906,爬虫類ケージ　三晃商会　パンテオン　ホワイト　WH9045　爬虫類　ケージ　お一人様1点限り　関東当日便
chanet-10744946,キョーリン　クレスゾル　50g　ヤモリ　エサ　フード　お一人様25点限り　関東当日便
chanet-10814261,爬虫類ケージ　GEX　レプテリア　ホワイト　300LOW　お一人様2点限り　関東当日便
chanet-10814262,爬虫類ケージ　GEX　レプテリア　ホワイト　300HIGH　お一人様2点限り　関東当日便
chanet-10816916,爬虫類ケージ　三晃商会　レプタイルボックス　ワイド　爬虫類　ケージ　関東当日便
chanet-10818890,フトアゴのコーンリター　3L　天然　消臭　敷材　床材　トイレ砂　関東当日便
chanet-10843867,キョーリン　レオパドライ　60g　餌　フード　爬虫類　昆虫食　お一人様50点限り　関東当日便
chanet-10866494,GEX　エキゾテラ　レオパ飼育キットM　お一人様2点限り　関東当日便
chanet-10893723,GEX　エキゾテラ　フトアゴブレンドフード　スティック　250g　関東当日便
chanet-10896752,GEX　RepDeli　バグプレミアム　45g　爬虫類　フード　フトアゴ　レオパ　関東当日便
chanet-11011437,ビバリア　サーモチェッカー　NEO　爬虫類　赤外線放射温度計　関東当日便
chanet-11023661,（大型）爬虫類ケージ　GEX　エキゾテラ　グラステラリウム　9045　爬虫類　本州四国送料無料・同梱不可・代引不可　200サイズ
chanet-11069754,爬虫類ケージ　三晃商会　パンテオンカノン　ホワイト　WH9045　爬虫類　ケージ　お一人様1点限り　関東当日便
chanet-11070003,爬虫類ケージ　マルカン　ジオスペース　30　爬虫類　ケージ　お一人様2点限り　関東当日便
chanet-11075619,ヒョウモントカゲモドキ　飼育セット　レオパ　お一人様2点限り　関東当日便
chanet-11080685,RepFeedJapan　LeopaFeed　レオパフィード　60g　レオパ用飼料　関東当日便
chanet-11156400,マルカン　レオパウェットフード　コオロギ　3gx20本　関東当日便
creer-10151636,＼夏先取り♪最大1000円OFFクーポン配布中！／ビートソニック BCAM7AW ナンバープレート取付超小型バックカメラ カメレオン ミニ 【普通自動車用ホワイト 改正道路運送車両保安基準適合/車検対応】 【BCAM7W 後継品】
dream-theater-10006865,【送料無料】メール便発送 ひかり フトアゴゲル 60g 【フトアゴヒゲトカゲ 雑食性トカゲ】
dream-theater-10007666,スドー レプティボウル 2 MD【水入れ・爬虫類・レオパ】
eightyoneshop-10008899,爬虫類 食器 自動給水 餌入れ 水入れ 亀/トカゲ/蛇/やもりなど爬虫類専用（ブラウン）
esalabo-10000007,デュビア 3S SS S ML 送料無料 エサラボ 生餌 生き餌 活餌 餌 レオパ フトアゴ アロワナ カナヘビ 選べるサイズ
festival-plaza-10010594,スーパーカメレオンキャンディ 100個装入{駄菓子 飴 アメ あめ キャンディー キャンデー 個包装 業務用 徳用 大袋} {お菓子 子供会 景品 お祭り くじ引き 縁日 販促 配布 パーティ 粗品 つかみどり 夏祭り 幼稚園 保育園 問屋} 大袋菓子
fish-neos-10091195,GEX　グラステラリウム　9045　爬虫類　飼育　ケージ　ガラスケージ【取寄せ商品】【水槽/熱帯魚/観賞魚/飼育】【生体】【通販/販売】【アクアリウム/あくありうむ】【小型】
fish-neos-10091197,GEX　グラステラリウム　6030 爬虫類　飼育　ケージ　ガラスケージ　【水槽/熱帯魚/観賞魚/飼育】【生体】【通販/販売】【アクアリウム/あくありうむ】【小型】
geki-pla-10013805,送料無料 小動物用食器 爬虫類用品 ペットグッズ 水入れ エサ入れ ペット用品 フードトレイ ウォーターディッシュ スクエア 無地 カメ クモ ヘビ カメレオン イグアナ カエル ヤモリ トカゲ 単色 シンプル 小さいサイズ 黒 白
giftmarkets-10045520,爬虫類温度計 湿度計 デジタル表示 爬虫類テラリウム温度計 ミニ爬虫類温度計と湿度ゲージ 爬虫類タンク温度計 湿度計 爬虫類と両生類用
gosyo-10020593,毛糸 【857】カメレオン カメラ 2 ソリッド ウール ソックヤーン chameleon 単色 輸入糸 合細-中細 編み物 手芸 毛糸ピエロ
gosyo-10020597,毛糸 【856】カメレオン カメラ 2 ウール ソックヤーン chameleon 段染め 輸入糸 合細-中細 編み物 手芸 毛糸ピエロ
gosyo-10021116,毛糸 【867】カメレオン カメラ 2 サマー chameleon 合細-中細 ウール コットン ナイロン 輸入糸 段染め ソック 編み物 手芸 毛糸ピエロ
guruguru-ds2nd-10673288,ビバリア レップカル幼体フトアゴヒゲトカゲフード RO-812-J （雑食性トカゲフード） 170g【ネコポス不可】
hakozume-10033371,（株）スドー レプティボウル2 MF 爬虫類・両生類 爬虫類・両生類用エサ入れ・水入れ 用品｛NP}
hakozume-10036267,（株）ビバリア ツインメーターNEO 爬虫類・両生類 爬虫類・両生類用湿度計・温度計 用品｛NP}
hankos-10034156,【店内全品送料無料】は虫類の印鑑 トカゲや亀のはんこ「は虫類ずかん」セルフインクスタンプ【ご奉仕品】[メール便]
hearttoheart001-10001171,テラリウム 爬虫類 飼育 ケージ 両生類 カメ カニ グラステラリウム 脱走防止 フタ ガラス 透明度の高い 水槽 ガラス水槽 トカゲ ヤモリ レオパ ヘビ カメレオン 3030 20×20×15cm 30×30×20cm 50×30×25cm 30×30×40cm
heaven-10002262,パンテオン ホワイト WH4535【一度のご注文で2個まで】
heaven-10002263,パンテオン ホワイト WH6035【一度のご注文で1個まで】
hiroland-10027504,プローブ付き デジタル温湿度計 《ブラック》 温度計 湿度計 爬虫類 ペット 水槽 ディスプレイ 液晶[定形外郵便、送料無料、代引不可]
kobe-s-10059360,送料無料 ペット用食器 エサ皿 2個セット ペット用品 エサ入れ 餌入れ 水入れ フードトレイ ウォーターボウル ウォーターディッシュ 水皿 葉っぱ型 楓の葉 リーフ型 爬虫類 小動物 カメ トカゲ カエル 両生類 ネズミ グリーン 緑 ブラウン 茶
kobe-s-10110316,送料無料 エサ入れ 餌入れ 水入れ 爬虫類 両生類 ペット ペットグッズ ペット用品 エサ皿 トカゲ カエル ホワイト ブラック シンプル
laforest-10126250,送料無料 トカゲ カエル は虫類 小動物 ペット用品 水入れ エサ入れ ウォーターディッシュ 四角形 ブラック ホワイト シンプル
lavett-shop-10003139,【送料無料】 温湿度計 デジタル 大画面 温度計 湿度計 極薄 1cm奥ロック 3.2 インチ 時計 卓上 気温 ペット 爬虫類 赤ちゃん ベビー 育児 WANOKU 熱中症 インフルエンザ 加湿器 ベビー 健康管理 おしゃれ 温湿度計 デジタル
love-journey-10000969,カメレオンのレオくん携帯ストラップ サイズ:11.5cm ふわふわ もちもち もふもふ ぬいぐるみ おもちゃ　ギフト 贈り物 お祝い プレゼント お誕生日 大きい/小さい インテリア
meisai-commerce-10000587,爬虫類 ライト タイマー付き 25w 爬虫類 ヒーター 紫外線ライト 爬虫類 亀 ヒーター uvb uva 亀用 レプタイル 保温ライト 日常適用 両生類用 亀日光浴ライト ヒーター
meisai-commerce-10000588,【100円OFFクーポン券付】 爬虫類 ライト タイマー付き 50w 紫外線ライト爬虫類 ヒーター 亀 ライト 紫外線ライト カナヘビ uvb uva 亀用 レプタイル 保温ライト 両生類用 亀日光浴ライト ヒーター
morro-10017975,爬虫類 温湿度計 2個セット 温湿度管理 温度計 湿度計 室温計 デジタル 両生類 爬虫類タンク 冷蔵庫 ベビールーム 花屋 プローブライン付き
motto-motto-10047339,送料無料 ペット用隠れ家 爬虫類 両生類 ペットグッズ アクアリウム用品 洞窟 餌入れ 水入れ トカゲ ヤモリ 亀 水槽 レイアウト シック
motto-motto-10047368,送料無料 小動物用食器 爬虫類用品 ペットグッズ 水入れ エサ入れ ペット用品 フードトレイ ウォーターディッシュ スクエア 無地 カメ クモ ヘビ カメレオン イグアナ カエル ヤモリ トカゲ 単色 シンプル 小さいサイズ 黒 白
motto-motto-10063344,送料無料 ペット用食器 エサ皿 2個セット ペット用品 エサ入れ 餌入れ 水入れ フードトレイ ウォーターボウル ウォーターディッシュ 水皿 葉っぱ型 楓の葉 リーフ型 爬虫類 小動物 カメ トカゲ カエル 両生類 ネズミ グリーン 緑 ブラウン 茶
motto-motto-10101507,送料無料 トカゲ カエル は虫類 小動物 ペット用品 水入れ エサ入れ ウォーターディッシュ 四角形 ブラック ホワイト シンプル
motto-motto-10102709,送料無料 トカゲ カエル は虫類 小動物 ペット用品 水入れ エサ入れ ウォーターディッシュ 大きめ 四角形 ブラック ホワイト シンプル
mxcznr-10003016,亀の飼育ケース 亀 水槽 大きい カメ用水槽 初心者セット 蓋付き 収納機能 水交換超簡単 餌やりが便利 透明 軽量 両生飼育箱 亀ケージ 脱出防止 亀の楽園 亀 リクガメ 半水棲ガメ ボックス 排水孔 耐久性 爬虫類 両生類用 カメ生息地 360°観察
nagoyaka-shop-10000068,和香 オオミジンコ 100匹 増殖簡単 詳しい動画説明付 めだか らんちゅう グッピー 熱帯魚 水中爬虫類の活餌に最適 ミジンコ みじんこ タマミジンコ メダカ 金魚 熱帯魚 観賞魚 餌 生餌 生き餌 エサ えさ 繁殖 増殖 飼育 アクアリウム 水槽 クロレラ
nagoyaka-shop-10000069,和香 オオミジンコ 200匹 増殖簡単 詳しい動画説明付 めだか らんちゅう グッピー 熱帯魚 水中爬虫類の活餌に最適 ミジンコ みじんこ タマミジンコ メダカ 金魚 熱帯魚 観賞魚 餌 生餌 生き餌 エサ えさ 繁殖 増殖 飼育 アクアリウム 水槽 クロレラ
nagoyaka-shop-10000313,和香 タイリクミジンコ 100匹 初心者向 ミジンコ めだか・らんちゅう・グッピー・熱帯魚・水中爬虫類に最適 ミジンコ みじんこ タマミジンコ メダカ 金魚 熱帯魚 観賞魚 餌 生餌 エサ えさ 繁殖 増殖 飼育 アクアリウム クロレラ
nagoyaka-shop-10000697,和香 ウーパールーパー リューシスティック ベビー 生体 1匹 （約2-5cm）ピンク 黒目 両生類 赤ちゃん 初めての飼育に最適！ 癒しのペット 初心者向け アホロートル イモリ サラマンダー
nagoyaka-shop-10000698,和香 ウーパールーパー アルビノ ベビー 生体 1匹 （約2-5cm）ピンク 赤目 両生類 赤ちゃん 初めての飼育に最適！ 癒しのペット 初心者向け アホロートル イモリ サラマンダー
nagoyaka-shop-10000699,和香 ウーパールーパー ブラック ベビー 生体 1匹 （約2-5cm）黒色 黒目 両生類 赤ちゃん 初めての飼育に最適！ 癒しのペット 初心者向け アホロートル イモリ サラマンダー
nagoyaka-shop-10000700,和香 ウーパールーパー ゴールデン ベビー 生体 1匹 （約2-5cm）ゴールド 赤目 両生類 赤ちゃん 初めての飼育に最適！ 癒しのペット 初心者向け アホロートル イモリ サラマンダー
nagoyaka-shop-10000701,和香 ウーパールーパー マーブル ベビー 生体 1匹 （約2-5cm）斑点 黒目 両生類 赤ちゃん 初めての飼育に最適！ 癒しのペット 初心者向け アホロートル イモリ サラマンダー
nail-koubouu-10013169,【全10色セット】温度で色が変化する アイシングジェル 【13〜22】カメレオン アイシング ジェルネイル カラージェル | カラー ポリッシュ ネイルジェル アートジェル ジェルネイル用品 爪 カラージェルネイル ジェルネイルアート ネイル工房 にわちゃん
nyanzaq-10119091,ひかり レオパゲル(60g)【dl_2204zen】【ひかり】
nyanzaq-10142178,ひかり フトアゴゲル(60g)【ひかり】
nyanzaq-10142180,ひかり フトアゴドライ(500g)【ひかり】
nyanzaq-10166679,ひかり レオパゲル(150g*4袋セット)【ひかり】
nyanzaq-10173952,RepDeli トリプルバグペースト ミズアブ＆コオロギ(5g×6本入)
odekake-10001765,ペンケース おしゃれ 大人 おしゃれ女子 レディース 高校生 シンプル 可愛い かわいい 女の子 おもしろ コンパクト スリム 小さめ 筆箱 日本製 PVC 動物 魚 ネコ 犬 ウーパールーパー 恐竜 グリーン
ohstore-10600910,爬虫類 水入れ ペット 給水器 自動給水 亀 トカゲ 餌 ボウル 両生類 水皿 食器(黄色)
optvalue-10062142,【メール便：3個まで】レンズクロス 遠州綿紬 カメレオンクリーナー レンズクロス メガネ拭き レンズ拭き 織物 かわいい ストラップ オシャレ プレゼント ギフト 誕生日 敬老の日 メンズ レディース [ACC]
oyanagi-10000024,【一年保証】爬虫類 ライト 紫外線ライト バスキングライト uvライト 日光浴 両生類 亀 uvb uva 亀用 レプタイル 保温ライト 両生類用 25W 50W 調光 ネジ式 交換球 かめ ヘビ 蛇 トカゲ イグアナ カメレオン カナヘビ 用
p-animal-10053969,キョーリンフトアゴドライ200g【レターパックプラスOK】
pagopago-10004087,ワッペン カメレオン 最大横幅11.0×高さ4.4cm前後 《刺繍ワッペン アイロンワッペン アップリケ 爬虫類のワッペン 爬虫類のワッペン わっぺん 大人向け 子供向け》
palmyexpress-10005288,●【スドー】レプティボウル 2 mini【爬虫類 両生類 トカゲ ヤモリ カメ ヘビ 食器 水入れ】
parusu-10445316,大感謝価格 ZOOMED ズーメッド コーナーボウル L KB-40 直送品。代引不可・同梱不可・返品キャンセル・割引不可 ペット 飼育 えさ 水入れ 容器 アイテム ZOOMED ズーメッド コーナーボウル L KB-40
petitprice-10003373,メール便 カメレオンパウダー カメレオンネイル 温変ネイル カラフルネイル ニュアンスネイル ネイルアート ジェル ジェルネイル セルフネイル レジンクラフト レジン 春ネイル 母の日
petpet-10008976,【REPTI ZOO】RE09 RZ ローテーションデジタルサーモハイグロメーター　SH128（T1）爬虫類 両生類 は虫類 温度計湿度計 デジタル レプティズー（NK）【お取り寄せ】
petpet-10009383,【REPTI ZOO】三晃商会 3面設置デジタル温湿度計（E721）（E722）（爬虫類・両生類用温湿度計）（T1）360度 360° 爬虫類 両生類 は虫類 温度計 湿度計 デジタル表示 温度 湿度管理 レプティズー（NK）【お取り寄せ】
pets-kojima-10090922,レオパ飼育キットM
pets-kojima-10092025,パンテオン ホワイト WH9045
plays23-10026940,IKENOKOI爬虫類 食器 自動給水 餌入れ 水入れ 亀/トカゲ/蛇/やもりなど爬虫類専用（ブルー）
plusnao-10323168,送料無料 ペット用隠れ家 爬虫類 両生類 ペットグッズ アクアリウム用品 洞窟 餌入れ 水入れ トカゲ ヤモリ 亀 水槽 レイアウト シック
plusnao-10323278,送料無料 小動物用食器 爬虫類用品 ペットグッズ 水入れ エサ入れ ペット用品 フードトレイ ウォーターディッシュ スクエア 無地 カメ クモ ヘビ カメレオン イグアナ カエル ヤモリ トカゲ 単色 シンプル 小さいサイズ 黒 白
plusnao-10339869,送料無料 ペット用食器 エサ皿 2個セット ペット用品 エサ入れ 餌入れ 水入れ フードトレイ ウォーターボウル ウォーターディッシュ 水皿 葉っぱ型 楓の葉 リーフ型 爬虫類 小動物 カメ トカゲ カエル 両生類 ネズミ グリーン 緑 ブラウン 茶
plusnao-10370137,送料無料 エサ入れ 餌入れ 水入れ M L 爬虫類 両生類 陶器 逃げ防止 返し エサ皿 トカゲ カエル 活餌入れ 白 黒 フードボウル フードトレイ ウォーターディッシュ
plusnao-10378935,送料無料 トカゲ カエル は虫類 小動物 ペット用品 水入れ エサ入れ ウォーターディッシュ 四角形 ブラック ホワイト シンプル
premoa-10790603,ジェックス フトアゴブレンドフード スティック 250g ペット
premoa-10793916,キョーリン レオパゲル 60g ペット フード
rakuten24-10590820,エキゾテラ タイマーサーモ RTT-1(1コ入)【エキゾテラ】
rakuten24-10912104,ひかり レオパドライ(60g)【ひかり】
rakuten24-11058373,モンスーンマルチ(1セット)
rakuten24-11177318,ひかり レオパゲル(150g*4袋セット)【ひかり】
rakuten24-11226672,エキゾテラ ナチュラルライト 26W(1個)【エキゾテラ】
rakuten24-11282464,ひかり フトアゴゲル(60g×5セット)【ひかり】
rakutenkobo-ebooks-19313536,フトアゴヒゲトカゲの教科書【電子書籍】[ 川村健太 ]
rakutenkobo-ebooks-20247935,カメレオンの教科書【電子書籍】[ 加藤学 ]
rakutenkobo-ebooks-21531430,「フトアゴヒゲトカゲ」飼育バイブル 専門家が教える長く元気に暮らすための50のポイント【電子書籍】[ アクアマイティー ]
rakutenkobo-ebooks-21783089,カメレオン大図鑑 分類や種別解説ほか生態・飼育・繁殖について解説【電子書籍】[ 上原陽子 ]
rayon-10000247,【全国送料無料】GEX エキゾテラ イージーグローサーモ 爬虫類サーモスタット
rayon-10000453,【全国送料無料】GEX エキゾテラ タイマーサーモ RTT1 爬虫類サーモスタット
rayon-10000466,【全国送料無料】GEX エキゾテラ ナチュラルライト 13W
rayon-10005104,【全国送料無料】コトブキ 爬虫類・両生類ケージ ヒュドラケース3120 ブラック
rayon-10008237,【全国送料無料】レップジャパン 上部ヒーター 暖突(ダントツ)L
rayon-10008239,【全国送料無料】レップジャパン 上部ヒーター 暖突(ダントツ) S
rayon-10008980,【全国送料無料】ビバリア レップカル 成体フトアゴヒゲトカゲフード 226g
rayon-10009685,【全国送料無料】日本動物薬品 マルチ湿温度計
rayon-10021588,【全国送料無料】キョーリン レオパゲル 60g (まとめ有)
rayon-10021706,【全国送料無料】ジクラ アギト レプタイルサンド POGONA&LEOPA 粗目3.8L
rayon-10024591,【全国送料無料】キョーリン レオパドライ(ペレットタイプ) 60g (紫)(まとめ有)
rayon-10025826,【全国送料無料】キョーリン レオパゲル 60g ×4袋で(まとめ買い)
rayon-10025830,【全国送料無料】キョーリン レオパゲル 60g ×3袋で (まとめ買い)
rayon-10027078,【全国送料無料】GEX ヒーティングトップ S
rayon-10028779,【全国送料無料】GEX エキゾテラ レプテリア レオパ飼育キットM レプテリア ホワイト300CUBE Low (新ロット)
rayon-10028780,【全国送料無料】GEX エキゾテラ レプテリア レオパ飼育キットS レプテリア ホワイト300LOW
rayon-10029127,【全国送料無料】キョーリン フトアゴゲル 60g ×5袋で (まとめ買い)
righthandshop-10000533,犬 おもちゃ 犬噛むおもちゃ カメレオン 頑丈 音が鳴る ぬいぐるみ 歯磨き 壊れにくい 引っ張り 運動不足 小型中型大型犬 ペット 犬 ペット 子犬用 セルフ かわいい 犬用品
ringo0812-10007453,VOOPH 亀ライト カメ 両生類用ライト 爬虫類ライト 亀 水槽 ヒーター 無段階調光 25+50+75アナログ太陽 熱帯・亜熱帯 +ライト バスキングライト3つラ 保温電球 紫外線ライト 背中を干す 360°角度調節 取り付け簡単(ブラック）
rumay-sz-10007056,【RUMAY】 爬虫類 水入れ 爬虫類 えさ皿 3個セット 「 亀 ヤモリ レオパ の エサやり皿 としてお使い頂けます」爬虫類 餌入れ (白)　Sサイズ　丸（3個）
sloth-l-10000436,ハムスターケージ 巣箱 飼育ケージ ハムスターハウス 木製 アクリル製 厚手タイプ 大型 天井扉 お掃除しやすい 通気性 組立式 持ち運びやすい 大きな扉　脱出にくい 可愛い 透明 爬虫類など 小動物用 pet-112 大型 天井扉 高級感 留守番 初心者 大型ケージ 屋内用 小動物
sloth-l-10000437,ハムスターケージ 巣箱 飼育ケージ ハムスターハウス 木製 アクリル製 厚手タイプ 大型 天井扉 お掃除しやすい 通気性 組立式 持ち運びやすい 大きな扉　脱出にくい 可愛い 透明 爬虫類など 小動物用 pet-113 大型 天井扉 高級感 留守番 初心者 大型ケージ 屋内用 小動物
taiyou3333-10046412,爬虫類温度計湿度および温度センサーゲージデジタル爬虫類温度計デジタル爬虫類タンク温度計フック付き湿度計爬虫類タンク、テラリウム、動物園に最適 (シルバー)
thinkrich-10088290,ジェックス エキゾテラ レプタイル UVB100 13W 爬虫類用 紫外線ライト 送料無料 【SK14239】
thinkrich-10088291,ジェックス エキゾテラ レプタイル UVB150 26W 爬虫類用 紫外線ライト 送料無料 【SK14243】
thinkrich-10088787,ジェックス レオパブレンドフード 60g GEX 送料無料 【SK14454】
three-s-mart-10000090,【クーポン利用で最大7％OFF】スドー レプタイルディッシュ S 爬虫類用 エサ入れ 水入れ
top99-10000391,【3つ電球付き】両生類用ライト 爬虫類ライト 亀ライト UVA+UVB 水槽 ヒーター 無段階調光 25+50+75W アナログ太陽 熱帯・亜熱帯 バスキングライト 保温電球 紫外線ライト 背中を干す 360°角度調節 取り付け簡単 トカゲ カメレ ブラック ホワイト
topcreate-10016041,レプタイル アナログ温湿度計 TH-22 ZOOMED(ズーメッド) 爬虫類 両生類 温度計 湿度計 レオパ トカゲ ヘビ カエル カメ
topcreate-10016042,デジタルサーモメーター テラリウム用 温度計 TH-24 ZOOMED(ズーメッド) 爬虫類 両生類 温度計 デジタル表記 レオパ トカゲ ヘビ カエル カメ
topcreate-10016851,ウォーターディッシュ S PT2801 GEX(ジェックス) 爬虫類 両生類 水入れ 水皿 食器 トカゲ カメ カエル ヘビ
topcreate-10016852,ウォーターディッシュ M PT2802 GEX(ジェックス) 爬虫類 両生類 水入れ 水皿 食器 トカゲ カメ カエル ヘビ
topcreate-10016853,ウォーターディッシュ L PT2803 GEX(ジェックス) 爬虫類 両生類 水入れ 水皿 食器 トカゲ カメ カエル ヘビ
topcreate-10016854,ウォーターディッシュ XL PT2804 GEX(ジェックス) 爬虫類 両生類 水入れ 水皿 食器 トカゲ カメ カエル ヘビ
topcreate-10019976,レプタイルディッシュ（S） スドー 爬虫類 両生類 エサ皿 水飲み場 水入れ 食器 ヘビ レオパ カエル トカゲ
topcreate-10019977,レプタイルディッシュ（L） スドー 爬虫類 両生類 エサ皿 水飲み場 水入れ 食器 ヘビ レオパ カエル トカゲ
topcreate-10019985,レプティボウル2 mini スドー 爬虫類 両生類 エサ皿 水入れ 食器 ヘビ レオパ カエル 水飲み場
topcreate-10019988,レプティボウル2 MD スドー 爬虫類 両生類 エサ皿 水入れ 食器 ヘビ レオパ カエル 水飲み場
topcreate-10019990,レプティボウル2 SF スドー 爬虫類 両生類 エサ皿 水入れ 食器 ヘビ レオパ カエル 水飲み場
topcreate-10019991,レプティボウル2 MF スドー 爬虫類 両生類 エサ皿 水入れ 食器 ヘビ レオパ カエル 水飲み場
topcreate-10021072,レプタイルフードトレイ RX-170 スドー 爬虫類 両生類 エサ皿 水飲み場 水入れ 食器 ヘビ レオパ カエル トカゲ 磁石
topcreate-10021355,レプタイルサーモメーター RX-350 スドー 爬虫類 両生類 温度計 デジタル 水中使用可能センサー マジックテープ ヘビ レオパ カエル トカゲ
topcreate-10021640,ハイドロディッシュHI ST-340S ビバリア 爬虫類 両生類 交換用 専用ディッシュ 陶器 湿度調整 水入れ トカゲ ヘビ カメ レオパ
topcreate-10021642,バブルディッシュ S RP-310 ビバリア 爬虫類 両生類 エサ入れ 水入れ エアーチューブ 気泡 新鮮 黒色 ヘビ カエル トカゲ カメ レオパ
topcreate-10021656,ハイドロボックス RP-340 ビバリア 爬虫類 両生類 シェルター かくれが 湿度調整 水入れ トカゲ ヘビ レオパ
topcreate-10021665,バブルディッシュ L RP-318 ビバリア 爬虫類 両生類 エサ入れ 水入れ エアーチューブ 気泡 新鮮 黒色 ヘビ カエル トカゲ カメ レオパ
topcreate-10021846,【メール便可/同梱不可】温度計SV RP-140 ビバリア 爬虫類 両生類 アナログ 温度管理 両面テープ 小型
topcreate-10021848,ツインメーターNEO ビバリア 爬虫類 両生類 小動物 温度計 湿度計 温湿度計 アナログ 人気 トカゲ カメ カエル ヘビ レオパ ハリネズミ
topcreate-10022711,サーモチェッカーNEO RP-1443 ビバリア 爬虫類 両生類 非接触 赤外線 温度計 温度管理 トカゲ ヘビ カエルカメ レオパ
topcreate-10022715,バブルディッシュS ホワイト RP-310W ビバリア 爬虫類 両生類 エサ入れ 水入れ エアーチューブ 気泡 新鮮 白色 ヘビ カエル トカゲ カメ レオパ
topcreate-10022804,ウォーターディッシュ XS PT2809 GEX(ジェックス) 爬虫類 両生類 水入れ 水飲み場 皿 トカゲ ヘビ カエル カメ レオパ 小型
topcreate-10022969,アクリルケージ TOP-AC-4530N TOPCREATE(トップクリエイト) 爬虫類 両生類 全面アクリル 格安 45×30×30サイズ
toxtukuri-10015099,レプタイル アナログ温湿度計 TH-22 ZOOMED(ズーメッド) 爬虫類 両生類 温度計 湿度計 レオパ トカゲ ヘビ カエル カメ
toxtukuri-10015100,デジタルサーモメーター テラリウム用 温度計 TH-24 ZOOMED(ズーメッド) 爬虫類 両生類 温度計 デジタル表記 レオパ トカゲ ヘビ カエル カメ
toxtukuri-10015911,ウォーターディッシュ L PT2803 GEX(ジェックス) 爬虫類 両生類 水入れ 水皿 食器 トカゲ カメ カエル ヘビ
toxtukuri-10015912,ウォーターディッシュ XL PT2804 GEX(ジェックス) 爬虫類 両生類 水入れ 水皿 食器 トカゲ カメ カエル ヘビ
toxtukuri-10019743,レプタイルディッシュ（S） スドー 爬虫類 両生類 エサ皿 水飲み場 水入れ 食器 ヘビ レオパ カエル トカゲ
toxtukuri-10019744,レプタイルディッシュ（L） スドー 爬虫類 両生類 エサ皿 水飲み場 水入れ 食器 ヘビ レオパ カエル トカゲ
toxtukuri-10019746,レプティボウル2 mini スドー 爬虫類 両生類 エサ皿 水入れ 食器 ヘビ レオパ カエル 水飲み場
toxtukuri-10019747,レプティボウル2 MD スドー 爬虫類 両生類 エサ皿 水入れ 食器 ヘビ レオパ カエル 水飲み場
toxtukuri-10019749,レプティボウル2 SF スドー 爬虫類 両生類 エサ皿 水入れ 食器 ヘビ レオパ カエル 水飲み場
toxtukuri-10019750,レプティボウル2 MF スドー 爬虫類 両生類 エサ皿 水入れ 食器 ヘビ レオパ カエル 水飲み場
toxtukuri-10020106,レプタイルカップ RX-155 スドー 爬虫類 両生類 エサ皿 水飲み場 水入れ 食器 ヘビ レオパ カエル トカゲ
toxtukuri-10020547,レプタイルフードトレイ RX-170 スドー 爬虫類 両生類 エサ皿 水飲み場 水入れ 食器 ヘビ レオパ カエル トカゲ 磁石
toxtukuri-10020657,レプタイルサーモメーター RX-350 スドー 爬虫類 両生類 温度計 デジタル 水中使用可能センサー マジックテープ ヘビ レオパ カエル トカゲ
toxtukuri-10020863,ハイドロボックス RP-340 ビバリア 爬虫類 両生類 シェルター かくれが 湿度調整 水入れ トカゲ ヘビ レオパ
toxtukuri-10020906,バブルディッシュ S RP-310 ビバリア 爬虫類 両生類 エサ入れ 水入れ エアーチューブ 気泡 新鮮 黒色 ヘビ カエル トカゲ カメ レオパ
toxtukuri-10021021,レプタイルカップ S RX-158 スドー 爬虫類 両生類 エサ皿 水飲み場 水入れ 食器 ヘビ レオパ カエル トカゲ
toxtukuri-10021050,【メール便可/同梱不可】温度計SV RP-140 ビバリア 爬虫類 両生類 アナログ 温度管理 両面テープ 小型
toxtukuri-10021052,ツインメーターNEO ビバリア 爬虫類 両生類 小動物 温度計 湿度計 温湿度計 アナログ 人気 トカゲ カメ カエル ヘビ レオパ ハリネズミ
toxtukuri-10021914,サーモチェッカーNEO RP-1443 ビバリア 爬虫類 両生類 非接触 赤外線 温度計 温度管理 トカゲ ヘビ カエルカメ レオパ
toxtukuri-10021918,バブルディッシュS ホワイト RP-310W ビバリア 爬虫類 両生類 エサ入れ 水入れ エアーチューブ 気泡 新鮮 白色 ヘビ カエル トカゲ カメ レオパ
toxtukuri-10022009,ウォーターディッシュ XS PT2809 GEX(ジェックス) 爬虫類 両生類 水入れ 水飲み場 皿 トカゲ ヘビ カエル カメ レオパ 小型
toyolabo-10000893,爬虫類 カラーウォールステッカー【Animal LIFE　エボシカメレオン】エボシ カメレオン 雑貨 インテリア 壁 シール ペット
ulmaxjapan2-10664937,スドー レプティボウル2 MF 爬虫類 全成長期 SUDO ハープクラフト ペットグッズ 餌入れ エサ入れ エサ 両生類 ヘビ ペット 水入れ カエル エサ皿 レオパ カメ 食器 厳選素材 価格は1個のお値段です
vaps2shop-10018512,デジタル温湿度計 《ブラック》 プローブ付き 温度計 湿度計 爬虫類 ペット 水槽 ディスプレイ 液晶[定形外郵便、送料無料、代引不可]
vaps-10200120,小型 デジタル温湿度計 《ブラック》 プローブ付き 温度計 湿度計 爬虫類 ペット 水槽 ディスプレイ 液晶[定形外郵便、送料無料、代引不可]
vaps-10200121,小型 デジタル温湿度計 《ホワイト》 プローブ付き 温度計 湿度計 爬虫類 ペット 水槽 ディスプレイ 液晶[定形外郵便、送料無料、代引不可]
vidamall-10013266,全機種対応 スマホケース iPhone 16 15 14 13 12 11 SE XR 8 Pro Max mini Plus Xperia AQUOS Galaxy ケース カバー brains ヒョウモントカゲモドキ A レオパードゲッコー ヤモリ トカゲ 爬虫類 レオパ グッズ イラスト デザイナー アイフォン アイホン ハード ハードケース
withaqua-10000044,水槽飾り ヤギ 水草 水草レイアクト水草水槽 熱帯魚 メダカ シュリンプ 飼育セット 水槽セット アクアリウム初心者 魚鉢 観賞用 エビ サンゴ テラリウム 小型水槽 金魚 水族館 金魚 水槽オーナメント 水槽内装 観賞魚 装飾 爬虫類 水槽レイアウト 構築植物　イソバナサンゴ
yoro-store-10022812,【お得なクーポン配布中】 カメレオンクイックベルト 25mm幅 ベルト全長1.8m/3m ブラック | ベルト ラッシングベルト トラック フック フックベルト 固定ベルト 引っ越し 荷締めベルト 荷締め 荷崩れ防止 車 トランク 荷物 運搬ベルト 固定 ワンタッチ バイク アウトドア