slug,rakutenLink
auc-funkstore:10011564,https://a.r10.to/hkkbZy
auc-funkstore:10011565,https://a.r10.to/xyzABC

3upmikami:10000542
akibaoo-r:10548880
auc-a-avenue:10009957
auc-a-avenue:10011187
auc-a-avenue:10011405
auc-a-avenue:10011406
auc-a-avenue:10011522
auc-a-avenue:10011524
auc-a-avenue:10012842
auc-auto-phoenix:10010938
auc-funksstore:10011490
auc-funksstore:10011564
auc-funksstore:10011565
auc-mushiyahonpo:10000593
auc-tropicalworld:10004824
auc-tropicalworld:10004852
auc-tropicalworld:10006562
auc-tropicalworld:10006566
auc-ulmax:10168048
auc-ulmax:11394953
baibaiyishop:10000517
beach8002:10008273
beamsmile:10001069
beautymate:10139123
bettyroad:10040042
bettyroad:10065534
bettyroad:10073359
bisutoku-1:10000652
bleeek:10010959
book:15953516
book:17677406
book:19035662
book:20589618
book:20992215
book:21576561
chanet3980:10022757
chanet3980:10043545
chanet3980:10052837
chanet:10020288
chanet:10025306
chanet:10025307
chanet:10025308
chanet:10027053
chanet:10027066
chanet:10027794
chanet:10027807
chanet:10090647
chanet:10091841
chanet:10103900
chanet:10103901
chanet:10104323
chanet:10104473
chanet:10104474
chanet:10104475
chanet:10104476
chanet:10104548
chanet:10104986
chanet:10105590
chanet:10117663
chanet:10121845
chanet:10121847
chanet:10122954
chanet:10131821
chanet:10133020
chanet:10134529
chanet:10138722
chanet:10138723
chanet:10170170
chanet:10170172
chanet:10170573
chanet:10173684
chanet:10216548
chanet:10226272
chanet:10259383
chanet:10259384
chanet:10259385
chanet:10259386
chanet:10259387
chanet:10261151
chanet:10261152
chanet:10261153
chanet:10265567
chanet:10266509
chanet:10266626
chanet:10266627
chanet:10266895
chanet:10267267
chanet:10274293
chanet:10291672
chanet:10303260
chanet:10303261
chanet:10303510
chanet:10315968
chanet:10347153
chanet:10347154
chanet:10359689
chanet:10394264
chanet:10396382
chanet:10435835
chanet:10465692
chanet:10468386
chanet:10475891
chanet:10515046
chanet:10551995
chanet:10571756
chanet:10572932
chanet:10583775
chanet:10584388
chanet:10587480
chanet:10587481
chanet:10587482
chanet:10590595
chanet:10590596
chanet:10604906
chanet:10744946
chanet:10814261
chanet:10814262
chanet:10816916
chanet:10818890
chanet:10843867
chanet:10866494
chanet:10893723
chanet:10896752
chanet:11011437
chanet:11023661
chanet:11069754
chanet:11070003
chanet:11075619
chanet:11080685
chanet:11156400
creer:10151636
dream-theater:10006865
dream-theater:10007666
eightyoneshop:10008899
esalabo:10000007
festival-plaza:10010594
fish-neos:10091195
fish-neos:10091197
geki-pla:10013805
giftmarkets:10045520
gosyo:10020593
gosyo:10020597
gosyo:10021116
guruguru-ds2nd:10673288
hakozume:10033371
hakozume:10036267
hankos:10034156
hearttoheart001:10001171
heaven:10002262
heaven:10002263
hiroland:10027504
kobe-s:10059360
kobe-s:10110316
laforest:10126250
lavett-shop:10003139
love-journey:10000969
meisai-commerce:10000587
meisai-commerce:10000588
morro:10017975
motto-motto:10047339
motto-motto:10047368
motto-motto:10063344
motto-motto:10101507
motto-motto:10102709
mxcznr:10003016
nagoyaka-shop:10000068
nagoyaka-shop:10000069
nagoyaka-shop:10000313
nagoyaka-shop:10000697
nagoyaka-shop:10000698
nagoyaka-shop:10000699
nagoyaka-shop:10000700
nagoyaka-shop:10000701
nail-koubouu:10013169
nyanzaq:10119091
nyanzaq:10142178
nyanzaq:10142180
nyanzaq:10166679
nyanzaq:10173952
odekake:10001765
ohstore:10600910
optvalue:10062142
oyanagi:10000024
p-animal:10053969
pagopago:10004087
palmyexpress:10005288
parusu:10445316
petitprice:10003373
petpet:10008976
petpet:10009383
pets-kojima:10090922
pets-kojima:10092025
plays23:10026940
plusnao:10323168
plusnao:10323278
plusnao:10339869
plusnao:10370137
plusnao:10378935
premoa:10790603
premoa:10793916
rakuten24:10590820
rakuten24:10912104
rakuten24:11058373
rakuten24:11177318
rakuten24:11226672
rakuten24:11282464
rakutenkobo-ebooks:19313536
rakutenkobo-ebooks:20247935
rakutenkobo-ebooks:21531430
rakutenkobo-ebooks:21783089
rayon:10000247
rayon:10000453
rayon:10000466
rayon:10005104
rayon:10008237
rayon:10008239
rayon:10008980
rayon:10009685
rayon:10021588
rayon:10021706
rayon:10024591
rayon:10025826
rayon:10025830
rayon:10027078
rayon:10028779
rayon:10028780
rayon:10029127
righthandshop:10000533
ringo0812:10007453
rumay-sz:10007056
sloth-l:10000436
sloth-l:10000437
taiyou3333:10046412
thinkrich:10088290
thinkrich:10088291
thinkrich:10088787
three-s-mart:10000090
top99:10000391
topcreate:10016041
topcreate:10016042
topcreate:10016851
topcreate:10016852
topcreate:10016853
topcreate:10016854
topcreate:10019976
topcreate:10019977
topcreate:10019985
topcreate:10019988
topcreate:10019990
topcreate:10019991
topcreate:10021072
topcreate:10021355
topcreate:10021640
topcreate:10021642
topcreate:10021656
topcreate:10021665
topcreate:10021846
topcreate:10021848
topcreate:10022711
topcreate:10022715
topcreate:10022804
topcreate:10022969
toxtukuri:10015099
toxtukuri:10015100
toxtukuri:10015911
toxtukuri:10015912
toxtukuri:10019743
toxtukuri:10019744
toxtukuri:10019746
toxtukuri:10019747
toxtukuri:10019749
toxtukuri:10019750
toxtukuri:10020106
toxtukuri:10020547
toxtukuri:10020657
toxtukuri:10020863
toxtukuri:10020906
toxtukuri:10021021
toxtukuri:10021050
toxtukuri:10021052
toxtukuri:10021914
toxtukuri:10021918
toxtukuri:10022009
toyolabo:10000893
ulmaxjapan2:10664937
vaps2shop:10018512
vaps:10200120
vaps:10200121
vidamall:10013266
withaqua:10000044
yoro-store:10022812